{"cameraMode":{"drawMode":0,"name":"Shaded","section":"Shading Mode"},"sceneLighting":true,"audioPlay":false,"sceneViewState":{"showFog":true,"showMaterialUpdate":true,"showSkybox":true,"showFlares":true,"showImageEffects":true,"showParticleSystems":true},"in2DMode":false,"pivot":{"x":-8.815485000610352,"y":-5.617922782897949,"z":-11.519740104675293},"rotation":{"x":0.0719471424818039,"y":-0.9084585309028626,"z":0.1754772812128067,"w":0.37247782945632937},"size":25.02486801147461,"orthographic":false}